/* : 학습의 종류
    1) 개발자 측면 - SQL문장(DDL, DML,DQL, DCL) : CRUD작업 
    2) DB관리자 측면 (DBA)

  :  종류
     1) MS_SQL
     2) My_SQL
     3) Oracle
           : version : 8i, 9i, 11g, 12c, 18c, 21c
           : 유료버젼 - Enterprise Edition  (SID=ORCL)
           : 무료버젼 - Express Edition - 21c선택 (SID=XE)

          11g --> 12c버젼으로 업그레이 되면서 CDB(Container DataBase) 추가 , PDB(Pluggable DataBase)
                      12버젼이 MS_SQL의 DB Container의 개념과 동일하게 만들어졌다.
*/


/*오라클 12c  버전부터 사용자명에 c##을 붙이지 않으면 오류가 발생할 수 있는데,
사용자명에 c##(c##scott)을 붙이거나 _oracle_script 설정을 true로 변경하면 해결할수 있다.
*/
--관리자계정으로 접속
ALTER SESSION SET "_ORACLE_SCRIPT"=TRUE;


--계정생성(관리자계정에서)
 CREATE USER SCOTT IDENTIFIED BY TIGER;
 
 --권한 부여(관리자계정에서)
 GRANT CONNECT, RESOURCE, DBA TO SCOTT;

--새로 생성한 계정으로 접속 ( CONN SCOTT/TIGER)
CREATE TABLE DEPT
       (DEPTNO NUMBER(2) CONSTRAINT PK_DEPT PRIMARY KEY,
	DNAME VARCHAR2(14) ,
	LOC VARCHAR2(13) ) ;
    

CREATE TABLE EMP
       (EMPNO NUMBER(4) CONSTRAINT PK_EMP PRIMARY KEY,
	ENAME VARCHAR2(10),
	JOB VARCHAR2(9),
	MGR NUMBER(4),
	HIREDATE DATE,
	SAL NUMBER(7,2),
	COMM NUMBER(7,2),
	DEPTNO NUMBER(2) CONSTRAINT FK_DEPTNO REFERENCES DEPT);
    
INSERT INTO DEPT VALUES
	(10,'ACCOUNTING','NEW YORK');
INSERT INTO DEPT VALUES (20,'RESEARCH','DALLAS');
INSERT INTO DEPT VALUES
	(30,'SALES','CHICAGO');
INSERT INTO DEPT VALUES
	(40,'OPERATIONS','BOSTON');
    
INSERT INTO EMP VALUES
(7369,'SMITH','CLERK',7902,to_date('17-12-1980','dd-mm-yyyy'),800,NULL,20);
INSERT INTO EMP VALUES
(7499,'ALLEN','SALESMAN',7698,to_date('20-2-1981','dd-mm-yyyy'),1600,300,30);
INSERT INTO EMP VALUES
(7521,'WARD','SALESMAN',7698,to_date('22-2-1981','dd-mm-yyyy'),1250,500,30);
INSERT INTO EMP VALUES
(7566,'JONES','MANAGER',7839,to_date('2-4-1981','dd-mm-yyyy'),2975,NULL,20);
INSERT INTO EMP VALUES
(7654,'MARTIN','SALESMAN',7698,to_date('28-9-1981','dd-mm-yyyy'),1250,1400,30);
INSERT INTO EMP VALUES
(7698,'BLAKE','MANAGER',7839,to_date('1-5-1981','dd-mm-yyyy'),2850,NULL,30);
INSERT INTO EMP VALUES
(7782,'CLARK','MANAGER',7839,to_date('9-6-1981','dd-mm-yyyy'),2450,NULL,10);

INSERT INTO EMP VALUES
(7788,'SCOTT','ANALYST',7566,to_date('13-7-1987','dd-mm-yyyy'),3000,NULL,20);

INSERT INTO EMP VALUES
(7839,'KING','PRESIDENT',NULL,to_date('17-11-1981','dd-mm-yyyy'),5000,NULL,10);

INSERT INTO EMP VALUES
(7844,'TURNER','SALESMAN',7698,to_date('8-9-1981','dd-mm-yyyy'),1500,0,30);

INSERT INTO EMP VALUES
(7876,'ADAMS','CLERK',7788,to_date('13-7-1987','dd-mm-yyyy' ),1100,NULL,20);

INSERT INTO EMP VALUES
(7900,'JAMES','CLERK',7698,to_date('3-12-1981','dd-mm-yyyy'),950,NULL,30);
INSERT INTO EMP VALUES
(7902,'FORD','ANALYST',7566,to_date('3-12-1981','dd-mm-yyyy'),3000,NULL,20);
INSERT INTO EMP VALUES
(7934,'MILLER','CLERK',7782,to_date('23-1-1982','dd-mm-yyyy'),1300,NULL,10);

CREATE TABLE BONUS
	(
	ENAME VARCHAR2(10)	,
	JOB VARCHAR2(9)  ,
	SAL NUMBER,
	COMM NUMBER
	) ;
    

CREATE TABLE SALGRADE
      ( GRADE NUMBER,
	LOSAL NUMBER,
	HISAL NUMBER );
    
INSERT INTO SALGRADE VALUES (1,700,1200);
INSERT INTO SALGRADE VALUES (2,1201,1400);
INSERT INTO SALGRADE VALUES (3,1401,2000);
INSERT INTO SALGRADE VALUES (4,2001,3000);
INSERT INTO SALGRADE VALUES (5,3001,9999);
COMMIT;

--레코드 검색
select * from emp;
select * from dept;
select * from bonus;
select * from salgrade;


